강좌검색,,,,,,,,,,,,,,,,,,,,,,,
" 년도 : 2025학년도,   학기 : 겨울학기,   교양영역 : 전체,   상위영역 : 전체,   이수과정 : 전체,   학년 : 전체,   개설대학 : 전체,   개설학과 : 전체,   개설전공 : 전체,   수업진행형태 : 전체,   성적부여형태 : 전체",,,,,,,,,,,,,,,,,,,,,,,
교과구분,개설대학,개설학과,이수과정,학년,교과목번호,강좌번호,교과목명,부제명,학점,강의,실습,수업교시,수업형태,"강의실(동-호)(#연건, *평창)",주담당교수,장바구니신청,재학생장바구니신청,신입생장바구니신청,정원,수강신청인원,비고,강의언어,개설상태
전선,공과대학,,석박사통합,0,M2177.005500,001,글로벌 공학기술 교류 특강 1,미세유체 시스템과 바이오메디컬 응용,1,1,0,월(10:00~10:50)/화(10:00~10:50)/금(10:00~10:50),이론/이론/이론,38-422(무선랜제공)/38-422(무선랜제공)/38-422(무선랜제공),강준호,13,13,0,30 (30),17,"ⓔ 1월 16일, 19일, 20일 3일간 단기집중강좌",영어,설강
전선,혁신공유학부,혁신공유학부,학사,2학년,M3500.003300,001,(공유)데이터베이스,,3,3,0,월(10:00~12:50)/수(10:00~12:50)/금(10:00~12:50),이론/이론/이론,/ /,문길래,32,32,0,60 (60),48,ⓞ,한국어,설강
전선,혁신공유학부,혁신공유학부,학사,2학년,M3500.002200,001,(공유)딥 러닝,,3,3,0,월(15:00~17:50)/수(15:00~17:50)/목(15:00~17:50),이론/이론/이론,/ /,김남준,22,22,0,10 (10),10,ⓒ,한국어,설강
전선,혁신공유학부,혁신공유학부,학사,1학년,M3502.002200,001,(공유)디지털논리회로,,3,3,0,수(12:00~14:50)/목(12:00~14:50)/금(12:00~14:50),이론/이론/이론,/ /,김상호,3,3,0,30 (30),14,ⓞ,한국어,설강
전선,혁신공유학부,혁신공유학부,학사,2학년,M3502.016000,001,(공유)그린바이오 현미경 실습,,2,1,2,,,,허진회,12,12,0,20 (20),16,,한국어,설강
전선,혁신공유학부,혁신공유학부,학사,3학년,M3502.000200,001,(공유)반도체 장비의 이해,,3,3,0,월(09:00~11:50)/화(09:00~11:50)/수(09:00~11:50),이론/이론/이론,/ /,이재학,14,14,0,50 (50),37,ⓞ,한국어,설강
전선,혁신공유학부,혁신공유학부,학사,1학년,M3502.010600,001,(공유)역사 GIS 중급 연습,,1,1,0,목(15:00~17:50),이론,,엄기석,14,14,0,30 (30),17,ⓞ,한국어,설강
전선,혁신공유학부,혁신공유학부,학사,1학년,M3502.014800,001,(공유)멀티모달데이터처리,,3,3,0,월(14:00~16:50)/화(14:00~16:50)/수(14:00~16:50),이론/이론/이론,/ /,김응희,15,15,0,50 (50),24,ⓞ,한국어,설강
전선,혁신공유학부,혁신공유학부,학사,3학년,M3502.002500,001,(공유)반도체집적공정,,3,3,0,화(12:00~14:50)/목(12:00~14:50)/금(12:00~14:50),이론/이론/이론,301-106(무선랜제공)/301-106(무선랜제공)/301-106(무선랜제공),강대웅,6,6,0,30 (30),22,,한국어,설강
전선,혁신공유학부,혁신공유학부,학사,3학년,M3502.015500,001,(공유)목질계 바이오매스 전환 기술,,3,3,0,,,,곽효원,18,18,0,40 (40),21,ⓞ,한국어,설강
전선,혁신공유학부,혁신공유학부,학사,1학년,M3502.017000,001,(공유)에너지와 지속가능경영의 기초,,1,1,0,월(18:00~20:50),이론,,허은녕,84,84,0,80 (80),80,ⓞ,한국어,설강
전선,혁신공유학부,혁신공유학부,학사,1학년,M3502.014500,001,(공유)빅데이터 캡스톤 디자인,,3,3,0,,,,한승희,8,8,0,50 (50),24,ⓞ,한국어,설강
전선,혁신공유학부,혁신공유학부,학사,3학년,M3500.001900,001,(공유)온톨로지 및 지식 그래프,,3,3,0,,,,김홍기,0,0,0,90 (90),46,ⓞ,한국어,설강
전선,혁신공유학부,혁신공유학부,학사,2학년,M3502.009600,001,(공유)원자력 발전공학 개론,,3,3,0,월(09:30~10:45)/월(11:00~12:15)/수(09:30~10:45)/수(11:00~12:15)/금(09:30~10:45)/금(11:00~12:15),이론/이론/이론/이론/이론/이론,38-418(무선랜제공)/38-418(무선랜제공)/38-418(무선랜제공)/38-418(무선랜제공)/38-418(무선랜제공)/38-418(무선랜제공),최성열,6,6,0,30 (30),9,,한국어,설강
전선,혁신공유학부,혁신공유학부,학사,2학년,M3502.001600,001,(공유)컴퓨터구조,,3,3,0,월(12:00~14:50)/화(12:00~14:50)/수(12:00~14:50),이론/이론/이론,301-103(무선랜제공)/301-103(무선랜제공)/301-103(무선랜제공),응웬트렁,4,4,0,30 (30),6,ⓔ,영어,설강
전선,혁신공유학부,혁신공유학부,학사,2학년,M3502.001900,001,(공유)임베디드SW,,3,3,0,화(12:00~14:50)/수(12:00~14:50)/금(12:00~14:50),이론/이론/이론,301-B119/301-B119/301-B119,이우빈,2,2,0,20 (20),7,,한국어,설강
전선,혁신공유학부,혁신공유학부,학사,4학년,M3500.001300,001,(공유)인공지능시스템 설계 프로젝트,,2,0,4,월(15:00~17:50)/화(15:00~17:50)/수(15:00~17:50)/목(15:00~17:50),실습/실습/실습/실습,/ / /,이태호,1,1,0,40 (40),9,ⓒ,한국어,설강
전선,혁신공유학부,혁신공유학부,학사,2학년,M3502.003800,001,(공유)전기회로,,3,3,0,월(15:00~17:50)/화(15:00~17:50)/목(15:00~17:50),이론/이론/이론,/ /,윤정남,30,30,0,60 (60),50,ⓞ,한국어,설강
전선,혁신공유학부,혁신공유학부,학사,1학년,M3502.007000,001,(공유)컴퓨터처럼 생각하기,,3,3,0,화(09:00~11:50)/수(09:00~11:50)/목(09:00~11:50),이론/이론/이론,/ /,이정원,10,10,0,30 (30),20,ⓞⓒ,한국어,설강
전선,혁신공유학부,혁신공유학부,학사,3학년,M3500.001900,002,(공유)온톨로지 및 지식 그래프,,3,3,0,,,,김홍기,16,16,0,25 (25),16,,한국어,설강
전선,사범대학,AI융합교육학과,석사,,M3449.000300,001,AI 융합교육을 위한 인문사회 콘텐츠 설계,,3,3,0,월(18:00~20:50)/화(18:00~20:50)/수(18:00~20:50)/목(18:00~20:50)/금(18:00~20:50),이론/이론/이론/이론/이론,10-102(무선랜제공)/10-102(무선랜제공)/10-102(무선랜제공)/10-102(무선랜제공)/10-102(무선랜제공),이상일,0,0,0,30 (30),0,,한국어,설강
전선,공과대학,협동과정 인공지능전공,석박사통합,0,M3309.006200,001,IoT·인공지능·빅데이터의 실무응용 연구 1,,2,1,2,월(13:00~15:50)/화(13:00~15:50)/수(13:00~15:50),이론/이론/이론,38-B105(무선랜제공)/38-B105(무선랜제공)/38-B105(무선랜제공),강현구,19,19,0,30 (30),20,,한국어,설강
교양,인문대학,국어국문학과,학사,1학년,E11.102,001,21세기 한국소설의 이해,,3,3,0,월(12:00~14:50)/수(12:00~14:50)/금(12:00~14:50),이론/이론/이론,1-101(무선랜제공)/1-101(무선랜제공)/1-101(무선랜제공),이경민,21,21,0,40 (40),40,,한국어,설강
전선,혁신공유학부,혁신공유학부,학사,3학년,M3502.004100,002,(공유)학부생 연구 인턴,,1,0,2,월(18:00~19:50)/화(18:00~19:50)/목(18:00~19:50),실습/실습/실습,/ /,응웬트렁,2,2,0,20 (20),11,ⓔ,영어,설강
전선,혁신공유학부,혁신공유학부,학사,3학년,M3502.004100,003,(공유)학부생 연구 인턴,,1,0,2,월(18:00~19:50)/화(18:00~19:50)/목(18:00~19:50),실습/실습/실습,/ /,이태호,4,4,0,20 (20),5,,한국어,설강
전선,혁신공유학부,혁신공유학부,학사,3학년,M3502.004100,001,(공유)학부생 연구 인턴,,1,0,2,월(18:00~19:50)/화(18:00~19:50)/목(18:00~19:50),실습/실습/실습,/ /,김남준,32,32,0,60 (60),57,,한국어,설강
전선,사회과학대학,사회학과,학사,3학년,205.336,001,경제사회학,,3,3,0,월(12:00~14:50)/수(12:00~14:50)/금(12:00~14:50),이론/이론/이론,101-230(무선랜제공)/101-230(무선랜제공)/101-230(무선랜제공),김승진,25,25,0,40 (40),40,,한국어,설강
전필,사회과학대학,경제학부,학사,2학년,212.214,001,경제수학,,3,3,0,월(15:00~17:50)/수(15:00~17:50)/금(15:00~17:50),이론/이론/이론,83-506/83-506/83-506,강창민,68,68,0,100 (100),100,"[경제학부홈페이지참조]  [수강신청 1~4일차에는 경제학 주전공, 복수전공, 부전공자만 수강신청이 가능]",한국어,설강
전선,사회과학대학,경제학부,학사,1학년,200.105,001,경제원론 1,,3,3,0,월(15:00~17:50)/수(15:00~17:50)/금(15:00~17:50),이론/이론/이론,83-305(무선랜제공)/83-305(무선랜제공)/83-305(무선랜제공),박이택,87,87,0,100 (100),100,,한국어,설강
전선,사회과학대학,경제학부,학사,3학년,212.301,001,계량경제학,,3,3,0,월(12:00~14:50)/수(12:00~14:50)/금(12:00~14:50),이론/이론/이론,83-506/83-506/83-506,정경채,46,46,0,100 (100),82,"[경제학부홈페이지참조] [수강신청 1~4일차에는 경제학 주전공, 복수전공, 부전공, 금융경제연계전공자만 수강신청가능이 가능]",한국어,설강
전필,경영대학,경영학과,학사,2학년,251.326,001,경영정보론,,3,3,0,월(12:00~14:50)/수(12:00~14:50)/금(12:00~14:50),이론/이론/이론,58-231(무선랜제공)/58-231(무선랜제공)/58-231(무선랜제공),엄다예,165,165,0,60 (60),60,,한국어,설강
교양,인문대학,영어영문학과,학사,1학년,F21.302,001,고급영어: 문화와 사회,,3,3,0,월(12:00~14:50)/수(12:00~14:50)/금(12:00~14:50),이론/이론/이론,3-109(무선랜제공)/3-109(무선랜제공)/3-109(무선랜제공),Abigail Joo Young Shin,57,57,0,24 (24),24,"ⓔ수강기준에 맞지않을시 F, 텝스성적(마이스누-학사정보-나의정보-종합정보-활동정보조회-어학점수내역) 및 FAQ(https://snuc.snu.ac.kr/공지사항/document/98) 반드시 확인 후 신청",영어,설강
교양,인문대학,영어영문학과,학사,1학년,F21.306,001,고급영어: 영화,,3,3,0,월(09:00~11:50)/수(09:00~11:50)/금(09:00~11:50),이론/이론/이론,3-116(무선랜제공)/3-116(무선랜제공)/3-116(무선랜제공),Nicholas William Shaw,27,27,0,24 (24),24,"ⓔ수강기준에 맞지않을시 F, 텝스성적(마이스누-학사정보-나의정보-종합정보-활동정보조회-어학점수내역) 및 FAQ(https://snuc.snu.ac.kr/공지사항/document/98) 반드시 확인 후 신청",영어,설강
교양,인문대학,영어영문학과,학사,1학년,F21.306,002,고급영어: 영화,,3,3,0,월(12:00~14:50)/수(12:00~14:50)/금(12:00~14:50),이론/이론/이론,3-116(무선랜제공)/3-116(무선랜제공)/3-116(무선랜제공),Nicholas William Shaw,14,14,0,24 (24),24,"ⓔ수강기준에 맞지않을시 F, 텝스성적(마이스누-학사정보-나의정보-종합정보-활동정보조회-어학점수내역) 및 FAQ(https://snuc.snu.ac.kr/공지사항/document/98) 반드시 확인 후 신청",영어,설강
교양,학부대학,,학사,1학년,E11.104,001,고전에 길을 묻다,,3,3,0,월(09:00~11:50)/수(09:00~11:50)/금(09:00~11:50),이론/이론/이론,14-103(무선랜제공)/14-103(무선랜제공)/14-103(무선랜제공),손제연,32,32,0,25 (25),25,허버트 하트 『법의 개념』 -  법이란 무엇인가,한국어,설강
교양,학부대학,,학사,1학년,E11.104,002,고전에 길을 묻다,,3,3,0,월(12:00~14:50)/수(12:00~14:50)/금(12:00~14:50),이론/이론/이론,14-102(무선랜제공)/14-102(무선랜제공)/14-102(무선랜제공),김광식,30,30,0,25 (25),25,니체 『차라투스트라는 이렇게 말했다』 - 시기와 긍정,한국어,설강
교양,학부대학,,학사,1학년,E11.104,003,고전에 길을 묻다,,3,3,0,월(12:00~14:50)/수(12:00~14:50)/금(12:00~14:50),이론/이론/이론,14-104(무선랜제공)/14-104(무선랜제공)/14-104(무선랜제공),임부연,0,0,0,25 (25),6,『맹자(孟子)』-어진 정치[仁政]의 꿈과 인생의 즐거움,한국어,설강
교양,학부대학,,학사,1학년,E11.104,004,고전에 길을 묻다,,3,3,0,월(15:00~17:50)/수(15:00~17:50)/금(15:00~17:50),이론/이론/이론,14-103(무선랜제공)/14-103(무선랜제공)/14-103(무선랜제공),이유선,42,42,0,25 (25),25,프로이트『꿈의 해석』 - 나는 누구인가?,한국어,설강
교양,사범대학,체육교육과,학사,1학년,E43.102,001,골프초급,,1,0,2,월(11:00~13:50)/수(11:00~13:50),실기/실기,/,채기재,48,48,0,20 (20),20,,한국어,설강
교양,인문대학,철학과,학사,1학년,C40.103,001,과학의 철학적 이해,,3,3,0,월(15:00~17:50)/수(15:00~17:50)/금(15:00~17:50),이론/이론/이론,8-B101(무선랜제공)/8-B101(무선랜제공)/8-B101(무선랜제공),김영,93,93,0,60 (60),60,,한국어,설강
전선,사범대학,과학교육과,석박사통합,0,M1868.000700,001,과학핵심역량교육을 위한 디지털기반 교육평가,,3,3,0,월(17:30~20:20)/화(17:30~20:20)/수(17:30~20:20)/목(17:30~20:20)/금(17:30~20:20),이론/이론/이론/이론/이론,13-119(무선랜제공)/13-119(무선랜제공)/13-119(무선랜제공)/13-119(무선랜제공)/13-119(무선랜제공),하민수,0,0,0,20 (20),0,,한국어,설강
전선,자연과학대학,생명과학부,학사,2학년,M2888.000700,001,과학기술학의 이해,,3,3,0,월(12:00~14:50)/수(12:00~14:50)/금(12:00~14:50),이론/이론/이론,28-303(무선랜제공)/28-303(무선랜제공)/28-303(무선랜제공),김명진,73,73,0,50 (50),50,,한국어,설강
교양,인문대학,미학과,학사,1학년,C10.102,001,공연예술의 이해,,3,3,0,월(09:00~11:50)/수(09:00~11:50)/금(09:00~11:50),이론/이론/이론,8-101(무선랜제공)/8-101(무선랜제공)/8-101(무선랜제공),전예완,98,98,0,60 (60),60,,한국어,설강
전선,미술대학,서양화과,학사,2학년,M1766.003100,001,공판화,,2,0,4,화(13:00~17:50)/금(13:00~17:50),실습/실습,74-311/74-311,민서정,1,1,0,20 (20),2,"1) 수강신청 1~4일 차는 서양화과 주전공생, 서양화과 제2 전공(복수전공, 부전공) 진입생, 자유전공학부 학생 중 서양화과 진입생만 신청 가능 / 2) 수강신청 5일 차부터는 수강반 제한 없음",한국어,설강
교직,사범대학,교육학과,학사,3학년,700.022,001,교육과정,,2,2,0,화(13:00~15:50)/목(13:00~15:50),이론/이론,10-1-103(무선랜제공)/10-1-103(무선랜제공),이수한,23,23,0,40 (40),40,,한국어,설강
교양,사범대학,체육교육과,학사,1학년,E43.102,004,골프초급,,1,0,2,화(12:00~14:50)/목(12:00~14:50),실기/실기,/,서혜진,69,69,0,20 (20),20,,한국어,설강
교양,사범대학,체육교육과,학사,1학년,E43.102,003,골프초급,,1,0,2,화(09:00~11:50)/목(09:00~11:50),실기/실기,/,서혜진,75,75,0,20 (20),20,,한국어,설강
교양,사범대학,체육교육과,학사,1학년,E43.102,002,골프초급,,1,0,2,월(14:00~16:50)/수(14:00~16:50),실기/실기,/,채기재,42,42,0,20 (20),20,,한국어,설강
교직,사범대학,교육학과,학사,2학년,700.002,001,교육심리,,2,2,0,화(13:00~15:50)/목(13:00~15:50),이론/이론,10-105(무선랜제공)/10-105(무선랜제공),류장한,60,60,0,40 (40),40,,한국어,설강
교직,사범대학,교육학과,학사,3학년,700.007,001,교육방법 및 교육공학,,2,2,0,화(13:00~15:50)/목(13:00~15:50),이론/이론,10-110(무선랜제공)/10-110(무선랜제공),신행수,31,31,0,40 (40),40,,한국어,설강
교직,사범대학,교육학과,학사,2학년,700.002,002,교육심리,,2,2,0,월(13:00~15:50)/수(13:00~15:50),이론/이론,10-110(무선랜제공)/10-110(무선랜제공),김윤경,35,35,0,40 (40),40,,한국어,설강
교직,사범대학,교육학과,학사,3학년,700.003,001,교육철학 및 교육사,,2,2,0,화(13:00~15:50)/목(13:00~15:50),이론/이론,9-113(무선랜제공)/9-113(무선랜제공),이연진,145,145,0,40 (40),40,,한국어,설강
교직,사범대학,,학사,4학년,T2184.001400,001,교육봉사활동2,,1,0,30,,,,은지용,0,0,0,150 (150),51,,한국어,설강
교직,사범대학,,학사,4학년,T2184.001300,001,교육봉사활동1,,1,0,30,,,,은지용,0,0,0,150 (150),32,,한국어,설강
전선,국제대학원,국제학과,석사,0,876.503,001,국제개발협력론,논문워크샵1,3,3,0,월(14:00~16:50)/화(14:00~16:50)/수(14:00~16:50)/금(14:00~16:50),이론/이론/이론/이론,140-101(무선랜제공)/140-101(무선랜제공)/140-101(무선랜제공)/140-101(무선랜제공),김태균,23,23,0,16 (16),16,"ⓔGSIS, DCPP Only/DCPP 프로그램 대상 수업으로 이외 학생 신청 불가/상호인정: 개발, 통상, 협력 또는 지역학",영어,설강
교양,인문대학,역사학부,학사,1학년,C20.103,001,근·현대 한국민족주의,,3,3,0,월(15:00~17:50)/수(15:00~17:50)/금(15:00~17:50),이론/이론/이론,14-203(무선랜제공)/14-203(무선랜제공)/14-203(무선랜제공),박정민,81,81,0,60 (60),60,,한국어,설강
교양,사범대학,윤리교육과,학사,1학년,C30.104,001,국가와 시민,,3,3,0,월(12:00~14:50)/수(12:00~14:50)/금(12:00~14:50),이론/이론/이론,10-1-507(무선랜제공)/10-1-507(무선랜제공)/10-1-507(무선랜제공),조진호,75,75,0,60 (60),61,,한국어,설강
교양,사회과학대학,정치외교학부,학사,1학년,C30.105,001,국제정치학입문,,3,3,0,월(09:00~11:50)/수(09:00~11:50)/목(09:00~11:50),이론/이론/이론,101-507(무선랜제공)/101-507(무선랜제공)/101-507(무선랜제공),이유철,92,92,0,60 (60),60,,한국어,설강
교양,인문대학,협동과정  서양고전학전공,학사,1학년,C10.103,001,그리스.로마신화,,3,3,0,월(12:00~14:50)/수(12:00~14:50)/금(12:00~14:50),이론/이론/이론,83-501(무선랜제공)/83-501(무선랜제공)/83-501(무선랜제공),한경자,118,118,0,60 (60),60,,한국어,설강
교양,인문대학,협동과정  서양고전학전공,학사,1학년,C10.104,001,그리스비극,,3,3,0,월(09:00~11:50)/수(09:00~11:50)/금(09:00~11:50),이론/이론/이론,14-204(무선랜제공)/14-204(무선랜제공)/14-204(무선랜제공),장시은,43,43,0,60 (60),60,,한국어,설강
교양,학부대학,,학사,1학년,E20.102,001,그린리더십 인턴십,,3,0,6,,,,오도영,16,16,0,40 (40),19,"12월22일(월)10시~12시-오리엔테이션1월23일(금) 1시~4시-최종발표회/1. 그린리더십 교과목 두 과목 선이수 학생대상-2025년도 2학기 수강중인 과목도 선이수 과목에 포함(신규지정된 '교과인증교과목'은 활용안됨)2. 지원서와 자기 소개서를 담당자 메일로 제출, 기관배정 완료된 경우 신청가능, 10월초 기관공지(https://isd.snu.ac.kr)3. 대학원생수강제한",한국어,설강
교양,인문대학,역사학부,학사,1학년,C20.105,001,남북분단과 한국전쟁,,3,3,0,월(12:00~14:50)/수(12:00~14:50)/금(12:00~14:50),이론/이론/이론,43-1-304(무선랜제공)/43-1-304(무선랜제공)/43-1-304(무선랜제공),윤성민,33,33,0,60 (60),60,,한국어,설강
교양,인문대학,철학과,학사,1학년,F12.101,001,논리와 비판적 사고,,3,3,0,월(09:00~11:50)/수(09:00~11:50)/금(09:00~11:50),이론/이론/이론,6-103(무선랜제공)/6-103(무선랜제공)/6-103(무선랜제공),권희진,75,75,0,60 (60),60,,한국어,설강
교양,인문대학,철학과,학사,1학년,C20.106,001,논리학,,3,3,0,월(12:00~14:50)/수(12:00~14:50)/금(12:00~14:50),이론/이론/이론,6-103(무선랜제공)/6-103(무선랜제공)/6-103(무선랜제공),이덕균,130,130,0,60 (60),60,,한국어,설강
교양,사범대학,체육교육과,학사,1학년,E43.104,001,달리기와 건강,,1,0,2,월(14:00~16:50)/수(14:00~16:50),실기/실기,/,이도흥,26,26,0,30 (30),30,,한국어,설강
교양,사범대학,체육교육과,학사,1학년,E43.103,001,농구초급,,1,0,2,월(11:00~12:50)/수(11:00~12:50)/금(11:00~12:50),실기/실기/실기,/ /,윤석균,18,18,0,30 (30),30,,한국어,설강
교양,사범대학,체육교육과,학사,1학년,E43.103,003,농구초급,,1,0,2,화(11:00~13:50)/목(11:00~13:50),실기/실기,/,박찬우,45,45,0,30 (30),30,,한국어,설강
교양,사범대학,체육교육과,학사,1학년,E43.103,002,농구초급,,1,0,2,월(13:00~14:50)/수(13:00~14:50)/금(13:00~14:50),실기/실기/실기,/ /,윤석균,26,26,0,30 (30),30,,한국어,설강
교양,사범대학,체육교육과,학사,1학년,E43.103,004,농구초급,,1,0,2,화(14:00~16:50)/목(14:00~16:50),실기/실기,/,박찬우,40,40,0,30 (30),30,,한국어,설강
교양,인문대학,영어영문학과,학사,1학년,F21.201,002,대학영어 2: 글쓰기,,3,3,0,월(12:00~14:50)/수(12:00~14:50)/금(12:00~14:50),이론/이론/이론,2-106(무선랜제공)/2-106(무선랜제공)/2-106(무선랜제공),김소연,63,63,0,24 (24),24,"ⓔ수강기준에 맞지않을시 F, 텝스성적(마이스누-학사정보-나의정보-종합정보-활동정보조회-어학점수내역) 및 FAQ(https://snuc.snu.ac.kr/공지사항/document/98) 반드시 확인 후 신청",영어,설강
교양,인문대학,영어영문학과,학사,1학년,F21.201,001,대학영어 2: 글쓰기,,3,3,0,월(09:00~11:50)/수(09:00~11:50)/금(09:00~11:50),이론/이론/이론,2-106(무선랜제공)/2-106(무선랜제공)/2-106(무선랜제공),오수진,58,58,0,24 (24),24,"ⓔ수강기준에 맞지않을시 F, 텝스성적(마이스누-학사정보-나의정보-종합정보-활동정보조회-어학점수내역) 및 FAQ(https://snuc.snu.ac.kr/공지사항/document/98) 반드시 확인 후 신청",영어,설강
교양,인문대학,국어국문학과,학사,1학년,F11.101,002,대학 글쓰기 1,,2,3,0,월(12:00~14:50)/수(12:00~14:50)/금(12:00~14:50),이론/이론/이론,2-101-1(무선랜제공)/2-101-1(무선랜제공)/2-101-1(무선랜제공),이경근,32,32,0,25 (25),25,"재수강자만 수강 가능(초수강자 수강 불가) / 전 강좌의 수강신청정원에 여석이 있을 경우, 정원 외 신청 받지 않음(정원 외 신청 조건 및 방법은 국어국문학과 홈페이지 참고)",한국어,설강
교양,인문대학,국어국문학과,학사,1학년,F11.101,001,대학 글쓰기 1,,2,3,0,화(12:00~14:50)/목(12:00~14:50)/금(12:00~14:50),이론/이론/이론,2-101(무선랜제공)/2-101(무선랜제공)/2-101(무선랜제공),차익종,17,17,0,25 (25),25,"재수강자만 수강 가능(초수강자 수강 불가) / 전 강좌의 수강신청정원에 여석이 있을 경우, 정원 외 신청 받지 않음(정원 외 신청 조건 및 방법은 국어국문학과 홈페이지 참고)",한국어,설강
교양,학부대학,,학사,1학년,F11.203,001,대학 글쓰기 2: 과학기술글쓰기,,2,3,0,월(09:00~11:50)/수(09:00~11:50)/금(09:00~11:50),이론/이론/이론,3-211-1(무선랜제공)/3-211-1(무선랜제공)/3-211-1(무선랜제공),김재호,74,74,0,25 (25),25,,한국어,설강
교양,학부대학,,학사,1학년,F11.203,002,대학 글쓰기 2: 과학기술글쓰기,,2,3,0,월(15:00~17:50)/수(15:00~17:50)/금(15:00~17:50),이론/이론/이론,14-102(무선랜제공)/14-102(무선랜제공)/14-102(무선랜제공),김광식,162,162,0,25 (25),25,,한국어,설강
교양,학부대학,,학사,1학년,F11.203,003,대학 글쓰기 2: 과학기술글쓰기,,2,3,0,월(09:00~11:50)/수(09:00~11:50)/금(09:00~11:50),이론/이론/이론,61-321/61-321/61-321,최정은,47,47,0,25 (25),25,,한국어,설강
교양,사범대학,체육교육과,학사,1학년,E43.104,002,달리기와 건강,,1,0,2,화(15:00~15:50)/화(14:00~14:50)/화(16:00~16:50)/목(14:00~16:50),실습/실기/실기/실기,/ / /,김태우,76,76,0,30 (30),30,,한국어,설강
교양,인문대학,미학과,학사,1학년,C10.106,001,대중예술의 이해,,3,3,0,월(12:00~14:50)/수(12:00~14:50)/금(12:00~14:50),이론/이론/이론,8-301(무선랜제공)/8-301(무선랜제공)/8-301(무선랜제공),계영경,11,11,0,60 (60),32,,한국어,설강
교양,인문대학,영어영문학과,학사,1학년,F21.202,001,대학영어 2: 말하기,,3,3,0,월(09:00~11:50)/수(09:00~11:50)/금(09:00~11:50),이론/이론/이론,3-114(무선랜제공)/3-114(무선랜제공)/3-114(무선랜제공),Paul Shepherd,31,31,0,24 (24),24,"ⓔ수강기준에 맞지않을시 F, 텝스성적(마이스누-학사정보-나의정보-종합정보-활동정보조회-어학점수내역) 및 FAQ(https://snuc.snu.ac.kr/공지사항/document/98) 반드시 확인 후 신청",영어,설강
교양,인문대학,영어영문학과,학사,1학년,F21.202,002,대학영어 2: 말하기,,3,3,0,월(12:00~14:50)/수(12:00~14:50)/금(12:00~14:50),이론/이론/이론,3-114(무선랜제공)/3-114(무선랜제공)/3-114(무선랜제공),Paul Shepherd,34,34,0,24 (24),24,"ⓔ수강기준에 맞지않을시 F, 텝스성적(마이스누-학사정보-나의정보-종합정보-활동정보조회-어학점수내역) 및 FAQ(https://snuc.snu.ac.kr/공지사항/document/98) 반드시 확인 후 신청",영어,설강
교양,인문대학,영어영문학과,학사,1학년,F21.202,004,대학영어 2: 말하기,,3,3,0,월(09:00~11:50)/수(09:00~11:50)/금(09:00~11:50),이론/이론/이론,3-109(무선랜제공)/3-109(무선랜제공)/3-109(무선랜제공),박민영,31,31,0,24 (24),24,"ⓔ수강기준에 맞지않을시 F, 텝스성적(마이스누-학사정보-나의정보-종합정보-활동정보조회-어학점수내역) 및 FAQ(https://snuc.snu.ac.kr/공지사항/document/98) 반드시 확인 후 신청",영어,설강
교양,인문대학,영어영문학과,학사,1학년,F21.202,003,대학영어 2: 말하기,,3,3,0,월(12:00~14:50)/수(12:00~14:50)/금(12:00~14:50),이론/이론/이론,3-213(무선랜제공)/3-213(무선랜제공)/3-213(무선랜제공),Raymond Salcedo,23,23,0,24 (24),24,"ⓔ수강기준에 맞지않을시 F, 텝스성적(마이스누-학사정보-나의정보-종합정보-활동정보조회-어학점수내역) 및 FAQ(https://snuc.snu.ac.kr/공지사항/document/98) 반드시 확인 후 신청",영어,설강
교양,인문대학,역사학부,학사,1학년,C10.108,001,도시의 문화사,,3,3,0,월(12:00~14:50)/수(12:00~14:50)/금(12:00~14:50),이론/이론/이론,43-1-303(무선랜제공)/43-1-303(무선랜제공)/43-1-303(무선랜제공),박용진,6,6,0,60 (60),14,,한국어,설강
교양,인문대학,독어독문학과,학사,1학년,C30.109,001,독일어권 문화의 이해,,3,3,0,월(15:00~17:50)/수(15:00~17:50)/금(15:00~17:50),이론/이론/이론,3-114(무선랜제공)/3-114(무선랜제공)/3-114(무선랜제공),이재영,54,54,0,60 (60),60,,한국어,설강
교양,인문대학,종교학과,학사,1학년,E11.116,001,동서양의 종교적 지혜,,3,3,0,월(15:00~17:50)/수(15:00~17:50)/금(15:00~17:50),이론/이론/이론,8-101(무선랜제공)/8-101(무선랜제공)/8-101(무선랜제공),임부연,116,116,0,110 (110),110,*권장과목,한국어,설강
논문,공과대학,협동과정 기술경영·경제·정책전공,석박사통합,0,M3311.000600,001,대학원논문연구,,3,3,0,,,,황준석,3,3,0,20 (20),5,ⓔ,영어,설강
논문,사범대학,교육학과,석박사통합,,701.803,001,대학원논문연구,,3,3,0,,,,김창대,6,6,0,20 (20),7,,한국어,설강
교양,인문대학,역사학부,학사,1학년,E11.118,001,매체로 보는 서양사,,3,3,0,월(09:00~11:50)/수(09:00~11:50)/금(09:00~11:50),이론/이론/이론,14-208(무선랜제공)/14-208(무선랜제공)/14-208(무선랜제공),고재백,99,99,0,60 (60),60,,한국어,설강
전필,사회과학대학,경제학부,학사,2학년,212.201,001,미시경제이론,,3,3,0,월(09:00~11:50)/수(09:00~11:50)/금(09:00~11:50),이론/이론/이론,83-305(무선랜제공)/83-305(무선랜제공)/83-305(무선랜제공),강창민,41,41,0,100 (100),100,"[경제학부홈페이지참조] [수강신청 1~4일차에는 경제학 주전공, 복수전공, 부전공, 금융경제연계전공자만 수강신청가능이 가능]",한국어,설강
교양,인문대학,노어노문학과,학사,1학년,C10.115,001,러시아명작의 이해,,3,3,0,월(15:00~17:50)/수(15:00~17:50)/금(15:00~17:50),이론/이론/이론,3-102(무선랜제공)/3-102(무선랜제공)/3-102(무선랜제공),윤서현,17,17,0,60 (60),60,,한국어,설강
교양,학부대학,,학사,1학년,F12.102,001,말하기와 토론,,3,3,0,월(12:00~14:50)/수(12:00~14:50)/금(12:00~14:50),이론/이론/이론,3-211-1(무선랜제공)/3-211-1(무선랜제공)/3-211-1(무선랜제공),박현희,67,67,0,25 (25),25,,한국어,설강
교양,인문대학,협동과정  서양고전학전공,학사,1학년,F29.104,001,라틴어 2,,3,3,0,월(10:00~12:50)/수(10:00~12:50)/금(10:00~12:50),이론/이론/이론,14-202(무선랜제공)/14-202(무선랜제공)/14-202(무선랜제공),양호영,10,10,0,30 (30),14,,한국어,설강
교양,인문대학,협동과정  서양고전학전공,학사,1학년,F29.103,002,라틴어 1,,3,3,0,월(09:00~11:50)/수(09:00~11:50)/금(09:00~11:50),이론/이론/이론,14-610/14-610/14-610,이준엽,141,141,0,35 (35),35,,한국어,설강
교직,사범대학,,학사,2학년,T2184.002400,001,디지털 교육,,1,1,0,화(10:00~11:20)/목(10:00~11:20),이론/이론,10-110(무선랜제공)/10-110(무선랜제공),홍수민,43,43,0,40 (40),40,,한국어,설강
교양,인문대학,협동과정  서양고전학전공,학사,1학년,F29.103,001,라틴어 1,,3,3,0,월(12:00~14:50)/수(12:00~14:50)/금(12:00~14:50),이론/이론/이론,14-204(무선랜제공)/14-204(무선랜제공)/14-204(무선랜제공),김준서,124,124,0,35 (35),35,,한국어,설강
교양,미술대학,동양화과,학사,1학년,E41.102,001,민화의 기초,,2,1,2,월(10:00~10:50)/월(11:00~12:50)/화(10:00~10:50)/화(11:00~12:50)/수(10:00~10:50)/수(11:00~12:50),이론/실습/이론/실습/이론/실습,74-407(무선랜제공)/74-407(무선랜제공)/74-407(무선랜제공)/74-407(무선랜제공)/74-407(무선랜제공)/74-407(무선랜제공),임현경,27,27,0,30 (30),30,®@미대생 수강불허,한국어,설강
교양,사범대학,윤리교육과,학사,1학년,E11.128,002,북한학개론,,3,3,0,월(12:00~14:50)/수(12:00~14:50)/금(12:00~14:50),이론/이론/이론,10-1-101(무선랜제공)/10-1-101(무선랜제공)/10-1-101(무선랜제공),배영애,181,181,0,180 (180),180,,한국어,설강
교양,사범대학,체육교육과,학사,1학년,E43.107,001,배드민턴초급,,1,0,2,월(09:00~10:50)/수(09:00~10:50)/금(09:00~10:50),실기/실기/실기,/ /,김정준,54,54,0,30 (30),30,,한국어,설강
교양,사범대학,체육교육과,학사,1학년,E43.107,003,배드민턴초급,,1,0,2,월(13:00~14:50)/수(13:00~14:50)/금(13:00~14:50),실기/실기/실기,/ /,강동균,46,46,0,30 (30),30,,한국어,설강
교양,사범대학,체육교육과,학사,1학년,E43.107,004,배드민턴초급,,1,0,2,월(15:00~16:50)/수(15:00~16:50)/금(15:00~16:50),실기/실기/실기,/ /,강동균,51,51,0,30 (30),30,,한국어,설강
교양,사범대학,체육교육과,학사,1학년,E43.107,006,배드민턴초급,,1,0,2,화(13:00~15:50)/목(13:00~15:50),실기/실기,/,원종은,72,72,0,30 (30),30,,한국어,설강
교양,사범대학,체육교육과,학사,1학년,E43.107,005,배드민턴초급,,1,0,2,화(10:00~12:50)/목(10:00~12:50),실기/실기,/,원종은,82,82,0,30 (30),30,,한국어,설강
전선,미술대학,서양화과,학사,2학년,M1766.002600,001,사진: 픽셀과 플랫폼,,2,0,4,화(10:00~14:50)/금(10:00~14:50),실습/실습,51-211/51-211,기슬기,3,3,0,25 (25),12,"1) 수강신청 1~4일 차는 서양화과 주전공생, 서양화과 제2 전공(복수전공, 부전공) 진입생, 자유전공학부 학생 중 서양화과 진입생만 신청 가능 / 2) 수강신청 5일 차부터는 수강반 제한 없음",한국어,설강
교양,사범대학,윤리교육과,학사,1학년,C20.117,003,사상과 윤리,,3,3,0,월(15:00~17:50)/수(15:00~17:50)/금(15:00~17:50),이론/이론/이론,10-1-507(무선랜제공)/10-1-507(무선랜제공)/10-1-507(무선랜제공),조진호,62,62,0,60 (60),60,,한국어,설강
교양,학부대학,,학사,1학년,E20.103,005,사회봉사 1,,1,0,2,,,,정지훈,0,0,0,20 (20),17,"* 수강신청사이트에서 신청 금지/ 수강 신청은 ""포털(마이스누)⇒학사정보⇒ 대학생활⇒봉사활동 신청⇒사회봉사교과목 신청하기""에서 가능",한국어,설강
교양,학부대학,,학사,1학년,E20.103,002,사회봉사 1,,1,0,2,,,,민기복,0,0,0,20 (20),20,"* 수강신청사이트에서 신청 금지/ 수강 신청은 ""포털(마이스누)⇒학사정보⇒ 대학생활⇒봉사활동 신청⇒사회봉사교과목 신청하기""에서 가능",한국어,설강
교양,학부대학,,학사,1학년,E20.103,003,사회봉사 1,,1,0,2,,,,안정섭,0,0,0,20 (20),20,"* 수강신청사이트에서 신청 금지/ 수강 신청은 ""포털(마이스누)⇒학사정보⇒ 대학생활⇒봉사활동 신청⇒사회봉사교과목 신청하기""에서 가능",한국어,설강
교양,학부대학,,학사,1학년,E20.103,004,사회봉사 1,,1,0,2,,,,이상우,0,0,0,20 (20),21,"* 수강신청사이트에서 신청 금지/ 수강 신청은 ""포털(마이스누)⇒학사정보⇒ 대학생활⇒봉사활동 신청⇒사회봉사교과목 신청하기""에서 가능",한국어,설강
교양,학부대학,,학사,1학년,E20.103,001,사회봉사 1,,1,0,2,,,,명훈,0,0,0,20 (20),20,"* 수강신청사이트에서 신청 금지/ 수강 신청은 ""포털(마이스누)⇒학사정보⇒ 대학생활⇒봉사활동 신청⇒사회봉사교과목 신청하기""에서 가능",한국어,설강
교양,자연과학대학,생명과학부,학사,1학년,F35.103,001,생물학,,3,3,0,월(13:00~15:50)/수(13:00~15:50)/금(13:00~15:50),이론/이론/이론,500-L306(무선랜제공)/500-L306(무선랜제공)/500-L306(무선랜제공),이병재,37,37,0,40 (40),40,,한국어,설강
교양,자연과학대학,생명과학부,학사,1학년,F35.103,002,생물학,,3,3,0,월(09:00~11:50)/수(09:00~11:50)/금(09:00~11:50),이론/이론/이론,26-B102(무선랜제공)/26-B102(무선랜제공)/26-B102(무선랜제공),조대식,77,77,0,40 (40),40,,한국어,설강
교양,자연과학대학,생명과학부,학사,1학년,F35.103,003,생물학,,3,3,0,월(12:00~14:50)/수(12:00~14:50)/금(12:00~14:50),이론/이론/이론,28-301/28-301/28-301,이수연,61,61,0,30 (30),30,,한국어,설강
교양,자연과학대학,생명과학부,학사,1학년,F35.103,004,생물학,,3,3,0,월(15:00~17:50)/수(15:00~17:50)/금(15:00~17:50),이론/이론/이론,28-301/28-301/28-301,이수연,67,67,0,30 (30),30,,한국어,설강
교양,학부대학,,학사,1학년,E20.105,001,사회봉사 3,,1,0,2,,,,백순근,0,0,0,20 (20),4,"* 수강신청사이트에서 신청 금지/ 수강 신청은 ""포털(마이스누)⇒학사정보⇒ 대학생활⇒봉사활동 신청⇒사회봉사교과목 신청하기""에서 가능",한국어,설강
교양,학부대학,,학사,1학년,E20.104,002,사회봉사 2,,1,0,2,,,,박현희,0,0,0,20 (20),3,"* 수강신청사이트에서 신청 금지/ 수강 신청은 ""포털(마이스누)⇒학사정보⇒ 대학생활⇒봉사활동 신청⇒사회봉사교과목 신청하기""에서 가능",한국어,설강
교양,학부대학,,학사,1학년,E20.104,001,사회봉사 2,,1,0,2,,,,김수영,0,0,0,20 (20),5,"* 수강신청사이트에서 신청 금지/ 수강 신청은 ""포털(마이스누)⇒학사정보⇒ 대학생활⇒봉사활동 신청⇒사회봉사교과목 신청하기""에서 가능",한국어,설강
교양,인문대학,역사학부,학사,1학년,C20.120,001,서양문명의 역사 1: 고대에서 르네상스까지,,3,3,0,월(09:00~11:50)/수(09:00~11:50)/금(09:00~11:50),이론/이론/이론,43-1-303(무선랜제공)/43-1-303(무선랜제공)/43-1-303(무선랜제공),박용진,7,7,0,60 (60),32,* 역수강금지 교과목: <C20.140 처음 배우는 서양사>,한국어,설강
교양,미술대학,동양화과,학사,1학년,E41.104,001,수묵화의 기초,,2,1,2,월(14:00~14:50)/월(15:00~16:50)/화(14:00~14:50)/화(15:00~16:50)/수(14:00~14:50)/수(15:00~16:50),이론/실습/이론/실습/이론/실습,74-407(무선랜제공)/74-407(무선랜제공)/74-407(무선랜제공)/74-407(무선랜제공)/74-407(무선랜제공)/74-407(무선랜제공),주형준,11,11,0,30 (30),30,®@미대생 수강불허,한국어,설강
교양,인문대학,역사학부,학사,1학년,C30.122,001,성과 사랑의 역사,,3,3,0,월(15:00~17:50)/수(15:00~17:50)/금(15:00~17:50),이론/이론/이론,14-208(무선랜제공)/14-208(무선랜제공)/14-208(무선랜제공),기계형,88,88,0,60 (60),60,,한국어,설강
전선,자연과학대학,수리과학부,학사,2학년,881.007,002,선형대수학,,3,3,0,월(12:00~14:50)/수(12:00~14:50)/금(12:00~14:50),이론/이론/이론,500-L311(무선랜제공)/500-L311(무선랜제공)/500-L311(무선랜제공),김영득,166,166,0,30 (30),30,수리과학부 전공생 수강 불가(수강시 일선으로 변경)/ 다전공 진입전 수강포함 불인정,한국어,설강
전선,자연과학대학,수리과학부,학사,2학년,881.007,001,선형대수학,,3,3,0,월(09:00~11:50)/수(09:00~11:50)/금(09:00~11:50),이론/이론/이론,28-301/28-301/28-301,이영민,291,291,0,60 (60),60,수리과학부 전공생 수강 불가(수강시 일선으로 변경)/ 다전공 진입전 수강포함 불인정,한국어,설강
교양,인문대학,종교학과,학사,1학년,C20.125,001,세계종교입문,,3,3,0,월(12:00~14:50)/수(12:00~14:50)/금(12:00~14:50),이론/이론/이론,8-303(무선랜제공)/8-303(무선랜제공)/8-303(무선랜제공),김유리,8,8,0,40 (40),15,,한국어,설강
교양,미술대학,서양화과,학사,1학년,E11.138,001,서양미술의 이해,,3,3,0,월(09:00~11:50)/수(09:00~11:50)/금(09:00~11:50),이론/이론/이론,74-201(무선랜제공)/74-201(무선랜제공)/74-201(무선랜제공),이은주,68,68,0,50 (50),50,®미대생 수강불허,한국어,설강
교양,미술대학,서양화과,학사,1학년,E41.103,001,소묘의 기초,,2,0,4,월(12:00~16:50)/수(12:00~16:50),실습/실습,52-306/52-306,김겨울,47,47,0,25 (25),25,®미대생 수강불허,한국어,설강
교양,자연과학대학,수리과학부,학사,1학년,F31.104,002,수학 1,,2,2,0,월(13:00~14:50)/수(13:00~14:50)/금(13:00~14:50),이론/이론/이론,24-209(무선랜제공)/24-209(무선랜제공)/24-209(무선랜제공),김형준,135,135,0,30 (30),32,,한국어,설강
교양,미술대학,서양화과,학사,1학년,E41.105,001,수채화의 기초,,2,0,4,화(09:00~13:50)/목(09:00~13:50),실습/실습,52-306/52-306,윤미류,54,54,0,25 (25),25,®미대생 수강불허,한국어,설강
교양,자연과학대학,수리과학부,학사,1학년,F31.104,001,수학 1,,2,2,0,월(11:00~12:50)/수(11:00~12:50)/금(11:00~12:50),이론/이론/이론,25-105(무선랜제공)/25-105(무선랜제공)/25-105(무선랜제공),이호주,83,83,0,50 (50),50,,한국어,설강
교양,자연과학대학,수리과학부,학사,1학년,F31.105,001,수학 2,,2,2,0,월(11:00~12:50)/수(11:00~12:50)/금(11:00~12:50),이론/이론/이론,24-207(무선랜제공)/24-207(무선랜제공)/24-207(무선랜제공),박정필,129,129,0,30 (30),30,,한국어,설강
교양,자연과학대학,수리과학부,학사,1학년,F31.105,002,수학 2,,2,2,0,월(13:00~14:50)/수(13:00~14:50)/금(13:00~14:50),이론/이론/이론,24-211(무선랜제공)/24-211(무선랜제공)/24-211(무선랜제공),윤미,147,147,0,30 (30),31,,한국어,설강
교양,자연과학대학,수리과학부,학사,1학년,F31.104L,001,수학연습 1,,1,0,2,월(13:00~14:50)/수(13:00~14:50)/금(13:00~14:50),실습/실습/실습,25-105(무선랜제공)/25-105(무선랜제공)/25-105(무선랜제공),이호주,23,23,0,20 (20),20,,한국어,설강
교양,자연과학대학,수리과학부,학사,1학년,F31.104L,002,수학연습 1,,1,0,2,월(15:00~16:50)/수(15:00~16:50)/금(15:00~16:50),실습/실습/실습,24-209(무선랜제공)/24-209(무선랜제공)/24-209(무선랜제공),김형준,33,33,0,20 (20),20,,한국어,설강
교양,인문대학,언어학과,학사,1학년,F29.112,001,스와힐리어 1,,3,3,1,월(13:00~15:50)/월(16:00~16:50)/수(13:00~15:50)/수(16:00~16:50)/금(13:00~15:50)/금(16:00~16:50),이론/실습/이론/실습/이론/실습,14-202(무선랜제공)/14-202(무선랜제공)/14-202(무선랜제공)/14-202(무선랜제공)/14-202(무선랜제공)/14-202(무선랜제공),조준화,13,13,0,30 (30),30,,한국어,설강
교양,자연과학대학,수리과학부,학사,1학년,F31.105L,001,수학연습 2,,1,0,2,월(13:00~14:50)/수(13:00~14:50)/금(13:00~14:50),실습/실습/실습,24-207(무선랜제공)/24-207(무선랜제공)/24-207(무선랜제공),박정필,70,70,0,20 (20),20,,한국어,설강
교양,자연과학대학,수리과학부,학사,1학년,F31.105L,002,수학연습 2,,1,0,2,월(15:00~16:50)/수(15:00~16:50)/금(15:00~16:50),실습/실습/실습,24-211(무선랜제공)/24-211(무선랜제공)/24-211(무선랜제공),윤미,69,69,0,20 (20),20,,한국어,설강
전선,공과대학,협동과정 기술경영·경제·정책전공,석박사통합,0,M3311.001600,002,스마트시티 신기술실무응용,스마트시티 융합 현장실습,3,3,0,,,,박경선,2,2,0,20 (20),3,ⓔ공과대학교 TEMPE 소속 및 SCGC 소속 석사 및 박사 학생만 수강 가능,영어,설강
전선,사범대학,체육교육과,학사,3학년,722.351A,002,스키,,1,0,2,,,,권준우,0,0,0,10 (10),0,,한국어,설강
전선,사범대학,체육교육과,학사,3학년,722.351A,001,스키,,1,0,2,,,,김기한,0,0,0,10 (10),0,,한국어,설강
전선,사범대학,체육교육과,학사,4학년,722.451,001,스노보드,,1,0,2,,,,문효열,0,0,0,10 (10),0,,한국어,설강
전선,사범대학,체육교육과,학사,4학년,722.451,002,스노보드,,1,0,2,,,,정재욱,0,0,0,10 (10),0,,한국어,설강
교양,사회과학대학,심리학과,학사,1학년,E11.146,001,심리학개론,,3,3,0,월(15:00~17:50)/수(15:00~17:50)/금(15:00~17:50),이론/이론/이론,43-1-402(무선랜제공)/43-1-402(무선랜제공)/43-1-402(무선랜제공),박형생,191,191,0,100 (100),100,,한국어,설강
교양,사회과학대학,심리학과,학사,1학년,E11.146,003,심리학개론,,3,3,0,월(09:00~11:50)/수(09:00~11:50)/금(09:00~11:50),이론/이론/이론,101-210(무선랜제공)/101-210(무선랜제공)/101-210(무선랜제공),김수안,94,94,0,100 (100),100,,한국어,설강
교양,사회과학대학,심리학과,학사,1학년,E11.146,002,심리학개론,,3,3,0,월(12:00~14:50)/수(12:00~14:50)/금(12:00~14:50),이론/이론/이론,43-1-301(무선랜제공)/43-1-301(무선랜제공)/43-1-301(무선랜제공),이종택,2,2,0,100 (100),17,,한국어,설강
교양,사회과학대학,심리학과,학사,1학년,E11.146,004,심리학개론,,3,3,0,월(12:00~14:50)/수(12:00~14:50)/금(12:00~14:50),이론/이론/이론,43-1-402(무선랜제공)/43-1-402(무선랜제공)/43-1-402(무선랜제공),박승진,152,152,0,100 (100),100,,한국어,설강
공통,학부대학,,석박사통합,1학년,990.501A,001,연구 윤리,,3,3,0,월(12:00~14:50)/수(12:00~14:50)/금(12:00~14:50),이론/이론/이론,/ /,신지은,31,31,0,500 (500),38,ⓞ플립러닝 방식의 원격수업,한국어,설강
교양,인문대학,언어학과,학사,1학년,C30.126,001,언어의 세계,,3,3,0,월(12:00~14:50)/수(12:00~14:50)/금(12:00~14:50),이론/이론/이론,3-102(무선랜제공)/3-102(무선랜제공)/3-102(무선랜제공),김영준,74,74,0,60 (60),60,,한국어,설강
전선,사범대학,체육교육과,학사,3학년,722.351A,003,스키,,1,0,2,,,,홍예리,0,0,0,10 (10),0,,한국어,설강
교양,인문대학,영어영문학과,학사,1학년,C10.140,002,영미 대중소설의 이해,,3,3,0,월(12:00~14:50)/수(12:00~14:50)/금(12:00~14:50),이론/이론/이론,3-107(무선랜제공)/3-107(무선랜제공)/3-107(무선랜제공),허우리,5,5,0,60 (60),19,,한국어,설강
전선,미술대학,서양화과,학사,3학년,M1766.003300,001,오목판화,,2,0,4,월(13:00~17:50)/수(13:00~17:50),실습/실습,74-311/74-311,임재형,8,8,0,20 (20),13,"1) 수강신청 1~4일 차는 서양화과 주전공생, 서양화과 제2 전공(복수전공, 부전공) 진입생, 자유전공학부 학생 중 서양화과 진입생만 신청 가능 / 2) 수강신청 5일 차부터는 수강반 제한 없음",한국어,설강
교양,인문대학,미학과,학사,1학년,C10.142,001,영상예술의 이해,,3,3,0,월(12:00~14:50)/수(12:00~14:50)/금(12:00~14:50),이론/이론/이론,8-101(무선랜제공)/8-101(무선랜제공)/8-101(무선랜제공),이은아,78,78,0,60 (60),60,,한국어,설강
교양,인문대학,미학과,학사,1학년,C10.142,002,영상예술의 이해,,3,3,0,월(15:00~17:50)/수(15:00~17:50)/금(15:00~17:50),이론/이론/이론,8-301(무선랜제공)/8-301(무선랜제공)/8-301(무선랜제공),박제철,110,110,0,60 (60),60,,한국어,설강
교양,사회과학대학,심리학과,학사,1학년,E11.163,001,인간관계의 심리학,,3,3,0,월(12:00~14:50)/수(12:00~14:50)/금(12:00~14:50),이론/이론/이론,101-210(무선랜제공)/101-210(무선랜제공)/101-210(무선랜제공),김효정,56,56,0,100 (100),100,,한국어,설강
전선,간호대학,간호학과,학사,3학년,M2186.000900,001,응급간호실무,,2,2,0,수(09:00~11:50)/금(09:00~11:50),이론/이론,#12-103(무선랜제공)/#12-103(무선랜제공),이상림,23,23,0,50 (50),24,®,한국어,설강
전선,농업생명과학대학,응용생물화학부,학사,2학년,M1678.000500,001,유기화학 2,,3,3,0,화(14:00~16:50)/수(14:00~16:50)/목(14:00~16:50),이론/이론/이론,200-7113(무선랜제공)/200-7113(무선랜제공)/200-7113(무선랜제공),권용훈,35,35,0,50 (50),31,,한국어,설강
교양,인문대학,중어중문학과,학사,1학년,F25.202,001,중급중국어 2,,3,3,0,월(12:00~14:50)/수(12:00~14:50)/금(12:00~14:50),이론/이론/이론,2-104(무선랜제공)/2-104(무선랜제공)/2-104(무선랜제공),이운재,2,2,0,30 (30),2,수강제한 관련 수강편람 필독,한국어,설강
교양,인문대학,중어중문학과,학사,1학년,F25.201,001,중급중국어 1,,3,3,0,월(09:00~11:50)/수(09:00~11:50)/금(09:00~11:50),이론/이론/이론,1-207(무선랜제공)/1-207(무선랜제공)/1-207(무선랜제공),홍혜진,19,19,0,30 (30),26,수강제한 관련 수강편람 필독,한국어,설강
교양,인문대학,역사학부,학사,1학년,C20.132,001,인물로 본 한국사,,3,3,0,월(09:00~11:50)/수(09:00~11:50)/금(09:00~11:50),이론/이론/이론,8-301(무선랜제공)/8-301(무선랜제공)/8-301(무선랜제공),배재호,20,20,0,60 (60),60,,한국어,설강
교양,사회과학대학,심리학과,학사,1학년,E11.163,002,인간관계의 심리학,,3,3,0,월(15:00~17:50)/수(15:00~17:50)/금(15:00~17:50),이론/이론/이론,101-210(무선랜제공)/101-210(무선랜제공)/101-210(무선랜제공),이아롱,175,175,0,100 (100),100,,한국어,설강
교양,인문대학,불어불문학과,학사,1학년,F26.201,001,중급프랑스어 1,,3,3,0,월(12:00~14:50)/수(12:00~14:50)/금(12:00~14:50),이론/이론/이론,6-105(무선랜제공)/6-105(무선랜제공)/6-105(무선랜제공),길경선,15,15,0,30 (30),17,,한국어,설강
교양,인문대학,서어서문학과,학사,1학년,F24.201,001,중급스페인어 1,,3,3,0,월(12:00~14:50)/수(12:00~14:50)/금(12:00~14:50),이론/이론/이론,2-102(무선랜제공)/2-102(무선랜제공)/2-102(무선랜제공),정선옥,12,12,0,30 (30),19,,한국어,설강
전선,인문대학,아시아언어문명학부,학사,1학년,1003.271,003,집중일본어 1,,3,3,1,월(12:00~15:50)/수(12:00~15:50)/금(12:00~15:50),이론/이론/이론,8-304(무선랜제공)/8-304(무선랜제공)/8-304(무선랜제공),한정연,39,39,0,25 (25),25,,한국어,설강
교양,인문대학,국어국문학과,학사,1학년,C10.155,001,창작의 세계,,3,3,0,월(12:00~14:50)/수(12:00~14:50)/금(12:00~14:50),이론/이론/이론,1-103(무선랜제공)/1-103(무선랜제공)/1-103(무선랜제공),염승숙,83,83,0,60 (60),60,,한국어,설강
교양,사범대학,체육교육과,학사,1학년,E43.118,007,체력단련,,1,0,2,화(09:00~11:50)/목(09:00~11:50),실기/실기,/,황수웅,27,27,0,25 (25),25,,한국어,설강
교양,사범대학,체육교육과,학사,1학년,E43.118,001,체력단련,,1,0,2,월(09:00~10:50)/수(09:00~10:50)/금(09:00~10:50),실기/실기/실기,/ /,박승일,37,37,0,30 (30),30,,한국어,설강
교양,사범대학,체육교육과,학사,1학년,E43.118,004,체력단련,,1,0,2,월(15:00~16:50)/수(15:00~16:50)/금(15:00~16:50),실기/실기/실기,/ /,신호진,48,48,0,30 (30),30,,한국어,설강
교양,사범대학,체육교육과,학사,1학년,E43.118,003,체력단련,,1,0,2,월(13:00~14:50)/수(13:00~14:50)/금(13:00~14:50),실기/실기/실기,/ /,김인우,24,24,0,30 (30),30,,한국어,설강
교양,사범대학,체육교육과,학사,1학년,E43.118,006,체력단련,,1,0,2,화(12:00~14:50)/목(12:00~14:50),실기/실기,/,정재욱,31,31,0,30 (30),30,,한국어,설강
교양,인문대학,서어서문학과,학사,1학년,F24.101,002,초급스페인어 1,,3,3,1,월(12:00~14:50)/월(10:00~11:20)/월(10:00~11:20)/수(12:00~14:50)/수(10:00~11:20)/수(10:00~11:20)/금(12:00~14:50),이론/실습반1/실습반2/이론/실습반1/실습반2/이론,3-103(무선랜제공)/2-102(무선랜제공)/3-105(무선랜제공)/3-103(무선랜제공)/2-102(무선랜제공)/3-105(무선랜제공)/3-103(무선랜제공),박소현,67,67,0,30 (30),30,,한국어,설강
교양,인문대학,서어서문학과,학사,1학년,F24.101,001,초급스페인어 1,,3,3,1,월(09:00~11:50)/월(13:30~14:50)/월(13:30~14:50)/수(09:00~11:50)/수(13:30~14:50)/수(13:30~14:50)/금(09:00~11:50),이론/실습반1/실습반2/이론/실습반1/실습반2/이론,3-104(무선랜제공)/3-105(무선랜제공)/3-205(무선랜제공)/3-104(무선랜제공)/3-105(무선랜제공)/3-205(무선랜제공)/3-104(무선랜제공),박은영,28,28,0,30 (30),30,,한국어,설강
교양,인문대학,노어노문학과,학사,1학년,F23.101,001,초급러시아어 1,,3,3,1,월(15:00~17:50)/수(15:00~17:50)/목(15:00~17:50)/목(15:00~17:50)/금(15:00~17:50),이론/이론/실습반1/실습반2/이론,3-106(무선랜제공)/3-106(무선랜제공)/3-106(무선랜제공)/3-104(무선랜제공)/3-106(무선랜제공),서선정,32,32,0,30 (30),30,수강제한 관련 수강편람 필독,한국어,설강
교양,인문대학,독어독문학과,학사,1학년,F22.101,003,초급독일어 1,,3,3,1,월(15:00~17:50)/수(15:00~17:50)/목(09:30~10:45)/목(11:00~12:15)/목(09:30~10:45)/목(11:00~12:15)/금(15:00~17:50),이론/이론/실습반1/실습반1/실습반2/실습반2/이론,2-110(무선랜제공)/2-110(무선랜제공)/2-110(무선랜제공)/2-110(무선랜제공)/1-210(무선랜제공)/1-210(무선랜제공)/2-110(무선랜제공),함경희,47,47,0,30 (30),30,,한국어,설강
교양,사범대학,체육교육과,학사,1학년,E43.118,008,체력단련,,1,0,2,화(12:00~14:50)/목(12:00~14:50),실기/실기,/,황수웅,30,30,0,25 (25),25,,한국어,설강
교양,사범대학,체육교육과,학사,1학년,E43.118,009,체력단련,,1,0,2,화(15:00~17:50)/목(15:00~17:50),실기/실기,/,신호진,40,40,0,30 (30),30,,한국어,설강
교양,인문대학,중어중문학과,학사,1학년,F25.101,002,초급중국어 1,,3,3,1,월(12:00~14:50)/월(15:30~16:45)/월(15:30~16:45)/수(12:00~14:50)/수(15:30~16:45)/수(15:30~16:45)/금(12:00~14:50),이론/실습반1/실습반2/이론/실습반1/실습반2/이론,1-102(무선랜제공)/1-102(무선랜제공)/1-207(무선랜제공)/1-102(무선랜제공)/1-102(무선랜제공)/1-207(무선랜제공)/1-102(무선랜제공),이성현,18,18,0,30 (30),30,"수강제한 관련 수강편람 필독, 랩수업 있음(주당 3시간)",한국어,설강
교양,인문대학,불어불문학과,학사,1학년,F26.101,001,초급프랑스어 1,,3,3,1,월(12:00~14:50)/수(12:00~14:50)/수(10:30~11:50)/수(10:30~11:50)/금(12:00~14:50)/금(10:30~11:50)/금(10:30~11:50),이론/이론/실습반1/실습반2/이론/실습반1/실습반2,5-212(무선랜제공)/5-212(무선랜제공)/5-116/5-101-1(무선랜제공)/5-212(무선랜제공)/5-116/5-101-1(무선랜제공),김종명,56,56,0,30 (30),31,,한국어,설강
교양,인문대학,서어서문학과,학사,1학년,F24.101,003,초급스페인어 1,,3,3,1,월(12:00~14:50)/월(15:30~16:50)/월(15:30~16:50)/수(12:00~14:50)/수(15:30~16:50)/수(15:30~16:50)/금(12:00~14:50),이론/실습반1/실습반2/이론/실습반1/실습반2/이론,3-104(무선랜제공)/2-102(무선랜제공)/3-105(무선랜제공)/3-104(무선랜제공)/2-102(무선랜제공)/3-105(무선랜제공)/3-104(무선랜제공),조영실,24,24,0,30 (30),30,,한국어,설강
교양,인문대학,서어서문학과,학사,1학년,F24.101,005,초급스페인어 1,,3,3,1,월(15:00~17:50)/월(10:00~11:20)/월(10:00~11:20)/수(15:00~17:50)/수(10:00~11:20)/수(10:00~11:20)/금(15:00~17:50),이론/실습반1/실습반2/이론/실습반1/실습반2/이론,3-104(무선랜제공)/2-101(무선랜제공)/2-101-1(무선랜제공)/3-104(무선랜제공)/2-101(무선랜제공)/2-101-1(무선랜제공)/3-104(무선랜제공),정동희,64,64,0,30 (30),31,,한국어,설강
교양,인문대학,불어불문학과,학사,1학년,F26.102,001,초급프랑스어 2,,3,3,1,월(09:00~11:50)/수(09:00~11:50)/수(12:00~13:20)/수(12:00~13:20)/금(09:00~11:50)/금(12:00~13:20)/금(12:00~13:20),이론/이론/실습반1/실습반2/이론/실습반1/실습반2,5-211(무선랜제공)/5-211(무선랜제공)/5-116/5-101-1(무선랜제공)/5-211(무선랜제공)/5-116/5-101-1(무선랜제공),신선옥,12,12,0,30 (30),13,,한국어,설강
교양,인문대학,서어서문학과,학사,1학년,F24.102,001,초급스페인어 2,,3,3,1,월(12:00~14:50)/월(15:30~16:50)/월(15:30~16:50)/수(12:00~14:50)/수(15:30~16:50)/수(15:30~16:50)/금(12:00~14:50),이론/실습반1/실습반2/이론/실습반1/실습반2/이론,1-209(무선랜제공)/2-101(무선랜제공)/2-101-1(무선랜제공)/1-209(무선랜제공)/2-101(무선랜제공)/2-101-1(무선랜제공)/1-209(무선랜제공),황미선,11,11,0,30 (30),15,,한국어,설강
교양,인문대학,서어서문학과,학사,1학년,F24.101,004,초급스페인어 1,,3,3,1,월(15:00~17:50)/월(12:00~13:20)/월(12:00~13:20)/수(15:00~17:50)/수(12:00~13:20)/수(12:00~13:20)/금(15:00~17:50),이론/실습반1/실습반2/이론/실습반1/실습반2/이론,3-103(무선랜제공)/3-105(무선랜제공)/3-205(무선랜제공)/3-103(무선랜제공)/3-105(무선랜제공)/3-205(무선랜제공)/3-103(무선랜제공),강성식,4,4,0,30 (30),30,,한국어,설강
교양,인문대학,중어중문학과,학사,1학년,F28.101,001,초급한문 1,,3,3,0,월(12:00~14:50)/수(12:00~14:50)/금(12:00~14:50),이론/이론/이론,3-108(무선랜제공)/3-108(무선랜제공)/3-108(무선랜제공),강성위,66,66,0,30 (30),30,,한국어,설강
교양,학부대학,,학사,1학년,F37.101,003,컴퓨팅 기초: 처음 만나는 컴퓨팅,,3,2,2,월(13:00~14:50)/월(16:00~17:50)/수(13:00~14:50)/수(16:00~17:50)/금(13:00~14:50)/금(16:00~17:50),이론/실습/이론/실습/이론/실습,26-101(무선랜제공)/26-101(무선랜제공)/26-101(무선랜제공)/26-101(무선랜제공)/26-101(무선랜제공)/26-101(무선랜제공),야마다아키히코,72,72,0,30 (30),30,,한국어,설강
교양,학부대학,,학사,1학년,F37.101,002,컴퓨팅 기초: 처음 만나는 컴퓨팅,,3,2,2,월(10:00~11:50)/월(13:00~14:50)/수(10:00~11:50)/수(13:00~14:50)/금(10:00~11:50)/금(13:00~14:50),이론/실습/이론/실습/이론/실습,26-102(무선랜제공)/26-102(무선랜제공)/26-102(무선랜제공)/26-102(무선랜제공)/26-102(무선랜제공)/26-102(무선랜제공),이상혁,35,35,0,30 (30),30,,한국어,설강
교양,인문대학,중어중문학과,학사,1학년,F28.101,002,초급한문 1,,3,3,0,월(15:00~17:50)/수(15:00~17:50)/금(15:00~17:50),이론/이론/이론,3-108(무선랜제공)/3-108(무선랜제공)/3-108(무선랜제공),주기평,72,72,0,30 (30),30,,한국어,설강
교양,사범대학,체육교육과,학사,1학년,E43.123,001,탁구초급,,1,0,2,월(11:00~12:50)/수(11:00~12:50)/금(11:00~12:50),실기/실기/실기,/ /,권준우,33,33,0,30 (30),30,,한국어,설강
교양,사범대학,체육교육과,학사,1학년,E43.123,003,탁구초급,,1,0,2,월(15:00~16:50)/수(15:00~16:50)/금(15:00~16:50),실기/실기/실기,/ /,최규현,44,44,0,30 (30),30,,한국어,설강
전선,사범대학,협동과정 특수교육전공,석박사통합,0,723.703,001,특수교육연구세미나,난산과 기초학력,3,3,0,월(13:00~15:50)/수(13:00~15:50)/금(13:00~15:50),이론/이론/이론,9-103(무선랜제공)/9-103(무선랜제공)/9-103(무선랜제공),김동일,0,0,0,25 (25),0,,한국어,설강
교직,사범대학,교육학과,석사,0,T1831.000900,001,특수교육학개론,,2,2,0,화(16:00~18:50)/목(16:00~18:50),이론/이론,9-113(무선랜제공)/9-113(무선랜제공),신혜연,17,17,0,20 (20),20,,한국어,설강
교직,사범대학,교육학과,학사,3학년,700.020A,001,특수교육학개론,,2,2,0,화(10:00~12:50)/목(10:00~12:50),이론/이론,9-113(무선랜제공)/9-113(무선랜제공),김주선,178,178,0,40 (40),40,,한국어,설강
교양,사범대학,체육교육과,학사,1학년,E43.126,001,테니스초급,,1,0,2,화(14:00~16:50)/목(14:00~16:50),실기/실기,/,강상욱,120,120,0,30 (30),30,,한국어,설강
교양,사범대학,체육교육과,학사,1학년,E43.125,001,테니스중급,,1,0,2,화(11:00~13:50)/목(11:00~13:50),실기/실기,/,강상욱,46,46,0,30 (30),30,,한국어,설강
전선,행정대학원,행정학과,박사,,920.703,001,특강,데이터 애널리틱스와 공공관리,3,3,0,월(13:00~15:50)/수(13:00~15:50)/금(13:00~15:50),이론/이론/이론,57-101/57-101/57-101,고길곤,44,44,0,50 (50),45,ⓔ,영어,설강
전선,행정대학원,공기업정책학과,박사,,920.703,100,특강,공기업정책사례연구,3,3,0,,,,권일웅,3,3,0,86 (86),3,,한국어,설강
교양,인문대학,불어불문학과,학사,1학년,C10.157,001,프랑스어권 문화의 이해,,3,3,0,월(12:00~14:50)/수(12:00~14:50)/금(12:00~14:50),이론/이론/이론,5-211(무선랜제공)/5-211(무선랜제공)/5-211(무선랜제공),서지형,19,19,0,60 (60),44,,한국어,설강
교양,인문대학,역사학부,학사,1학년,C20.151,001,한국의 문화유산,,3,3,0,월(12:00~14:50)/수(12:00~14:50)/금(12:00~14:50),이론/이론/이론,6-106(무선랜제공)/6-106(무선랜제공)/6-106(무선랜제공),고태진,73,73,0,60 (60),60,,한국어,설강
교양,인문대학,역사학부,학사,1학년,C20.152,001,한국의 역사가와 역사학,,3,3,0,월(12:00~14:50)/수(12:00~14:50)/금(12:00~14:50),이론/이론/이론,14-610/14-610/14-610,남궁승원,2,2,0,60 (60),3,,한국어,설강
교양,인문대학,역사학부,학사,1학년,C20.149,001,한국사,,3,3,0,월(15:00~17:50)/수(15:00~17:50)/금(15:00~17:50),이론/이론/이론,14-204(무선랜제공)/14-204(무선랜제공)/14-204(무선랜제공),박진서,38,38,0,60 (60),60,,한국어,설강
전선,인문대학,국사학과,석박사통합,0,M0.002000,001,한국사 영어 글쓰기,,1,1,0,월(17:00~18:15)/수(17:00~18:15),이론/이론,14-502(무선랜제공)/14-502(무선랜제공),김명환,7,7,0,20 (20),8,,한국어,설강
교직,사범대학,교육학과,학사,3학년,T2184.000200,003,학교폭력예방 및 학생의 이해,,2,2,0,화(16:00~18:50)/목(16:00~18:50),이론/이론,10-105(무선랜제공)/10-105(무선랜제공),김진우,12,12,0,40 (40),28,,한국어,설강
교직,사범대학,교육학과,학사,3학년,T2184.000200,002,학교폭력예방 및 학생의 이해,,2,2,0,월(16:00~18:50)/수(16:00~18:50),이론/이론,10-1-103(무선랜제공)/10-1-103(무선랜제공),류장한,44,44,0,40 (40),40,,한국어,설강
교양,인문대학,종교학과,학사,1학년,C10.171,001,현대종교와 문화,,3,3,0,월(09:00~11:50)/수(09:00~11:50)/금(09:00~11:50),이론/이론/이론,8-302(무선랜제공)/8-302(무선랜제공)/8-302(무선랜제공),최연정,31,31,0,40 (40),40,*권장과목,한국어,설강
교양,인문대학,국어국문학과,학사,1학년,C10.167,001,한국현대시 읽기,,3,3,0,월(09:00~11:50)/수(09:00~11:50)/금(09:00~11:50),이론/이론/이론,9-119(무선랜제공)/9-119(무선랜제공)/9-119(무선랜제공),최희진,111,111,0,60 (60),60,,한국어,설강
전선,사회과학대학,정치외교학부,학사,4학년,M1321.002000,001,한일관계론,,3,3,0,월(12:00~14:50)/수(12:00~14:50)/금(12:00~14:50),이론/이론/이론,101-240(무선랜제공)/101-240(무선랜제공)/101-240(무선랜제공),김아름,70,70,0,40 (40),40,,한국어,설강
교양,사범대학,체육교육과,학사,1학년,E43.131,001,호신술,,1,0,2,월(13:00~14:50)/수(13:00~14:50)/금(13:00~14:50),실기/실기/실기,/ /,최규현,39,39,0,30 (30),30,,한국어,설강
교양,인문대학,독어독문학과,학사,1학년,F22.101,002,초급독일어 1,,3,3,1,월(12:00~14:50)/화(12:30~13:45)/화(14:00~15:15)/화(12:30~13:45)/화(14:00~15:15)/수(12:00~14:50)/금(12:00~14:50),이론/실습반1/실습반1/실습반2/실습반2/이론/이론,2-110(무선랜제공)/2-110(무선랜제공)/2-110(무선랜제공)/1-210(무선랜제공)/1-210(무선랜제공)/2-110(무선랜제공)/2-110(무선랜제공),현정선,42,42,0,30 (30),30,,한국어,설강
전필,사회과학대학,경제학부,학사,2학년,212.203,001,경제사,,3,3,0,월(12:00~14:50)/수(12:00~14:50)/금(12:00~14:50),이론/이론/이론,83-305(무선랜제공)/83-305(무선랜제공)/83-305(무선랜제공),박이택,67,67,0,100 (100),100,"[경제학부홈페이지참조]  [수강신청 1~4일차에는 경제학 주전공, 복수전공, 부전공자만 수강신청이 가능]",한국어,설강
교직,사범대학,교육학과,학사,3학년,700.004,001,교육사회,,2,2,0,월(10:00~12:50)/수(10:00~12:50),이론/이론,10-1-103(무선랜제공)/10-1-103(무선랜제공),이규빈,23,23,0,40 (40),40,,한국어,설강
교양,사범대학,체육교육과,학사,1학년,E43.123,002,탁구초급,,1,0,2,월(13:00~14:50)/수(13:00~14:50)/금(13:00~14:50),실기/실기/실기,/ /,권준우,35,35,0,30 (30),30,,한국어,설강
교양,인문대학,종교학과,학사,1학년,C20.136,001,종교 상징의 세계,,3,3,0,월(12:00~14:50)/수(12:00~14:50)/금(12:00~14:50),이론/이론/이론,8-302(무선랜제공)/8-302(무선랜제공)/8-302(무선랜제공),최연정,17,17,0,40 (40),40,*권장과목,한국어,설강
교양,인문대학,국어국문학과,학사,1학년,C10.160,001,한국문학과 세계문학,,3,3,0,월(15:00~17:50)/수(15:00~17:50)/금(15:00~17:50),이론/이론/이론,6-103(무선랜제공)/6-103(무선랜제공)/6-103(무선랜제공),임진하,93,93,0,60 (60),60,,한국어,설강
교직,사범대학,교육학과,석사,0,T1831.000600,001,교육과정,,2,2,0,화(10:00~12:50)/목(10:00~12:50),이론/이론,10-1-103(무선랜제공)/10-1-103(무선랜제공),이수한,12,12,0,20 (20),20,,한국어,설강
교양,인문대학,언어학과,학사,1학년,F29.116,001,이태리어 1,,3,3,1,월(09:00~11:50)/월(12:00~12:50)/수(09:00~11:50)/수(12:00~12:50)/금(09:00~11:50)/금(12:00~12:50),이론/실습/이론/실습/이론/실습,3-106(무선랜제공)/3-106(무선랜제공)/3-106(무선랜제공)/3-106(무선랜제공)/3-106(무선랜제공)/3-106(무선랜제공),이기철,17,17,0,30 (30),30,,한국어,설강
교양,인문대학,역사학부,학사,1학년,C20.153,001,한국현대사의 이해,,3,3,0,월(12:00~14:50)/수(12:00~14:50)/금(12:00~14:50),이론/이론/이론,14-203(무선랜제공)/14-203(무선랜제공)/14-203(무선랜제공),이소라,44,44,0,60 (60),60,,한국어,설강
교직,사범대학,사회교육과,학사,3학년,T2184.000200,001,학교폭력예방 및 학생의 이해,,2,2,0,화(13:00~15:50)/목(13:00~15:50),이론/이론,11-215(무선랜제공)/11-215(무선랜제공),김경래,14,14,0,40 (40),40,,한국어,설강
전필,사회과학대학,경제학부,학사,2학년,212.202,001,거시경제이론,,3,3,0,월(12:00~14:50)/수(12:00~14:50)/금(12:00~14:50),이론/이론/이론,101-220(무선랜제공)/101-220(무선랜제공)/101-220(무선랜제공),이창선,54,54,0,100 (100),100,"[경제학부홈페이지참조] [수강신청 1~4일차에는 경제학 주전공, 복수전공, 부전공, 금융경제연계전공자만 수강신청가능이 가능]",한국어,설강
전필,사회과학대학,경제학부,학사,2학년,212.204,001,경제통계학,,3,3,0,월(09:00~11:50)/수(09:00~11:50)/금(09:00~11:50),이론/이론/이론,83-506/83-506/83-506,정경채,63,63,0,100 (100),100,"[경제학부홈페이지참조]  [수강신청 1~4일차에는 경제학 주전공, 복수전공, 부전공자만 수강신청이 가능]",한국어,설강
교양,사범대학,체육교육과,학사,1학년,E43.110,001,수영 3(자유형),,1,0,2,화(11:00~13:50)/목(11:00~13:50),실기/실기,/,김현준,75,75,0,20 (20),20,,한국어,설강
교양,인문대학,중어중문학과,학사,1학년,F25.101,001,초급중국어 1,,3,3,1,월(09:00~11:50)/월(12:30~13:45)/월(12:30~13:45)/수(09:00~11:50)/수(12:30~13:45)/수(12:30~13:45)/금(09:00~11:50),이론/실습반1/실습반2/이론/실습반1/실습반2/이론,1-102(무선랜제공)/1-207(무선랜제공)/2-105/1-102(무선랜제공)/1-207(무선랜제공)/2-105/1-102(무선랜제공),김지영,24,24,0,30 (30),30,"수강제한 관련 수강편람 필독, 랩수업 있음(주당 3시간)",한국어,설강
교양,사범대학,윤리교육과,학사,1학년,C20.117,002,사상과 윤리,,3,3,0,월(12:00~14:50)/수(12:00~14:50)/금(12:00~14:50),이론/이론/이론,10-1-308(무선랜제공)/10-1-308(무선랜제공)/10-1-308(무선랜제공),김남희,36,36,0,60 (60),60,,한국어,설강
교양,인문대학,서어서문학과,학사,1학년,C10.133,001,스페인어권 문화의 이해,,3,3,0,월(15:00~17:50)/수(15:00~17:50)/금(15:00~17:50),이론/이론/이론,1-103(무선랜제공)/1-103(무선랜제공)/1-103(무선랜제공),장재준,39,39,0,60 (60),60,,한국어,설강
전선,사회과학대학,경제학부,학사,1학년,200.106,001,경제원론 2,,3,3,0,월(09:00~11:50)/수(09:00~11:50)/금(09:00~11:50),이론/이론/이론,101-220(무선랜제공)/101-220(무선랜제공)/101-220(무선랜제공),이창선,144,144,0,100 (100),100,,한국어,설강
교직,사범대학,교육학과,학사,3학년,700.023,001,교육평가,,2,2,0,월(13:00~15:50)/수(13:00~15:50),이론/이론,10-105(무선랜제공)/10-105(무선랜제공),신안나,23,23,0,40 (40),40,,한국어,설강
교양,사범대학,체육교육과,학사,1학년,E43.118,005,체력단련,,1,0,2,화(09:00~11:50)/목(09:00~11:50),실기/실기,/,정재욱,37,37,0,30 (30),30,,한국어,설강
교양,사범대학,윤리교육과,학사,1학년,E11.128,001,북한학개론,,3,3,0,월(09:00~11:50)/수(09:00~11:50)/금(09:00~11:50),이론/이론/이론,10-1-101(무선랜제공)/10-1-101(무선랜제공)/10-1-101(무선랜제공),배영애,192,192,0,180 (180),180,,한국어,설강
전선,공과대학,전기·정보공학부,학사,4학년,M3238.000100,001,인공지능시스템 설계 프로젝트,,2,0,4,월(15:00~17:50)/화(15:00~17:50)/수(15:00~17:50)/목(15:00~17:50),실습/실습/실습/실습,301-207(무선랜제공)/301-207(무선랜제공)/301-207(무선랜제공)/301-207(무선랜제공),이태호,41,41,0,40 (40),40,ⓒ,한국어,설강
전선,혁신공유학부,혁신공유학부,학사,4학년,M3502.003000,001,(공유)인공신경망,,3,3,0,월(15:00~17:50)/수(15:00~17:50)/목(15:00~17:50),이론/이론/이론,301-103(무선랜제공)/301-103(무선랜제공)/301-103(무선랜제공),김남준,31,31,0,80 (80),80,ⓒ,한국어,설강
전선,혁신공유학부,혁신공유학부,학사,1학년,M3502.008700,001,(공유)파이썬 프로그래밍 입문,,3,3,0,화(09:00~11:50)/수(09:00~11:50)/목(09:00~11:50),이론/이론/이론,/ /,이정원,22,22,0,30 (30),30,ⓒ,한국어,설강
교양,사범대학,체육교육과,학사,1학년,E43.124,001,태권도,,1,0,2,월(10:00~12:50)/수(10:00~12:50),실기/실기,/,안배현,17,17,0,30 (30),30,,한국어,설강
교양,사범대학,체육교육과,학사,1학년,E43.109,001,수영 2(평영),,1,0,2,월(15:00~16:50)/수(15:00~16:50)/금(15:00~16:50),실기/실기/실기,/ /,김종아,21,21,0,20 (20),20,,한국어,설강
교양,사회과학대학,경제학부,학사,1학년,E11.103,001,경제학개론,,3,3,0,월(15:00~17:50)/수(15:00~17:50)/금(15:00~17:50),이론/이론/이론,101-220(무선랜제공)/101-220(무선랜제공)/101-220(무선랜제공),김성삼,150,150,0,100 (100),100,"®경제학 주·복수·부전공, 자유전공학부 경제학, 경영학, 농경제사회학부 주전공, 경영대 주전공, 농경제사회학부 주전공생의 수강신청 불허과목",한국어,설강
교양,인문대학,미학과,학사,1학년,C10.144,001,예술과 과학,,3,3,0,월(12:00~14:50)/수(12:00~14:50)/금(12:00~14:50),이론/이론/이론,8-B101(무선랜제공)/8-B101(무선랜제공)/8-B101(무선랜제공),김영,38,38,0,60 (60),60,,한국어,설강
교양,사범대학,윤리교육과,학사,1학년,C20.117,001,사상과 윤리,,3,3,0,월(09:00~11:50)/수(09:00~11:50)/금(09:00~11:50),이론/이론/이론,10-1-308(무선랜제공)/10-1-308(무선랜제공)/10-1-308(무선랜제공),김남희,50,50,0,60 (60),60,,한국어,설강
교양,인문대학,미학과,학사,1학년,C20.111,001,동양예술론입문,,3,3,0,월(09:00~11:50)/수(09:00~11:50)/금(09:00~11:50),이론/이론/이론,8-B101(무선랜제공)/8-B101(무선랜제공)/8-B101(무선랜제공),서진희,65,65,0,60 (60),60,,한국어,설강
교양,인문대학,독어독문학과,학사,1학년,F22.101,001,초급독일어 1,,3,3,1,월(09:00~11:50)/화(09:30~10:45)/화(11:00~12:15)/화(09:30~10:45)/화(11:00~12:15)/수(09:00~11:50)/금(09:00~11:50),이론/실습반1/실습반1/실습반2/실습반2/이론/이론,2-110(무선랜제공)/2-110(무선랜제공)/2-110(무선랜제공)/1-210(무선랜제공)/1-210(무선랜제공)/2-110(무선랜제공)/2-110(무선랜제공),이정환,46,46,0,30 (30),30,,한국어,설강
전선,인문대학,국어국문학과,학사,4학년,101.410,001,한국현대소설강독,,3,3,0,월(15:00~17:50)/수(15:00~17:50)/금(15:00~17:50),이론/이론/이론,1-101(무선랜제공)/1-101(무선랜제공)/1-101(무선랜제공),이지은,30,30,0,40 (40),40,,한국어,설강
교양,사범대학,체육교육과,학사,1학년,E43.111,001,수영 4(자유형),,1,0,2,화(14:00~16:50)/목(14:00~16:50),실기/실기,/,김현준,61,61,0,20 (20),20,,한국어,설강
교양,인문대학,독어독문학과,학사,1학년,F22.102,001,초급독일어 2,,3,3,1,월(12:00~14:50)/수(12:00~14:50)/목(12:30~13:45)/목(14:00~15:15)/목(12:30~13:45)/목(14:00~15:15)/금(12:00~14:50),이론/이론/실습반1/실습반1/실습반2/실습반2/이론,1-210(무선랜제공)/1-210(무선랜제공)/2-110(무선랜제공)/2-110(무선랜제공)/1-210(무선랜제공)/1-210(무선랜제공)/1-210(무선랜제공),김수민,22,22,0,30 (30),30,,한국어,설강
교양,인문대학,종교학과,학사,1학년,E11.188,001,현대문화와 기독교,,3,3,0,월(12:00~14:50)/수(12:00~14:50)/금(12:00~14:50),이론/이론/이론,9-119(무선랜제공)/9-119(무선랜제공)/9-119(무선랜제공),이유나,24,24,0,50 (50),50,,한국어,설강
전선,미술대학,공예과,학사,1학년,M2182.001200,001,기초 금속공예,,2,1,2,월(10:00~10:50)/월(11:00~12:15)/월(13:00~14:50)/수(10:00~10:50)/수(11:00~12:15)/수(13:00~14:50)/금(10:00~10:50)/금(11:00~12:15)/금(13:00~14:50),이론/실습/실습/이론/실습/실습/이론/실습/실습,52-203/52-203/52-203/52-203/52-203/52-203/52-203/52-203/52-203,김유정,27,27,0,15 (15),15,,한국어,설강
전선,혁신공유학부,혁신공유학부,학사,1학년,M3500.004400,001,(공유)프로그래밍 기초,,3,3,0,화(09:00~11:50)/수(09:00~11:50)/목(09:00~11:50),이론/이론/이론,/ /,이정원,24,24,0,30 (30),30,ⓞⓒ,한국어,설강
교직,사범대학,교육학과,학사,3학년,700.006,001,교육행정 및 교육경영,,2,2,0,월(10:00~12:50)/금(10:00~12:50),이론/이론,9-113(무선랜제공)/9-113(무선랜제공),황정훈,14,14,0,40 (40),40,,한국어,설강
교직,사범대학,교육학과,학사,2학년,T1831.000300,001,생활지도 및 상담,,2,2,0,월(13:00~15:50)/수(13:00~15:50),이론/이론,9-113(무선랜제공)/9-113(무선랜제공),박준영,30,30,0,40 (40),40,,한국어,설강
교양,사범대학,체육교육과,학사,1학년,E43.121,001,축구,,1,0,2,월(15:00~16:50)/수(15:00~16:50)/금(15:00~16:50),실기/실기/실기,/ /,김인우,40,40,0,30 (30),30,,한국어,설강
교양,학부대학,,학사,1학년,E11.104,005,고전에 길을 묻다,,3,3,0,월(12:00~14:50)/수(12:00~14:50)/금(12:00~14:50),이론/이론/이론,61-321/61-321/61-321,김재호,4,4,0,25 (25),25,칸트『윤리형이상학 정초』-도덕적 주체의 탄생,한국어,설강
교양,인문대학,역사학부,학사,1학년,C20.140,001,처음 배우는 서양사,,3,3,0,월(12:00~14:50)/수(12:00~14:50)/금(12:00~14:50),이론/이론/이론,14-208(무선랜제공)/14-208(무선랜제공)/14-208(무선랜제공),기계형,17,17,0,60 (60),60,"* 아래 수업을 수강한 학생은 이 수업 수강 불가: <C20.120 서양문명의 역사1>, <C20.121 서양문명의 역사2>",한국어,설강
전선,혁신공유학부,혁신공유학부,학사,1학년,M3500.001000,001,(공유)빅데이터 수학,,3,3,0,월(12:00~14:50)/수(12:00~14:50)/금(12:00~14:50),이론/이론/이론,/ /,Otto van Koert,58,58,0,100 (100),100,ⓔⓞ,영어,설강
교양,사범대학,체육교육과,학사,1학년,E43.108,001,수영 1(평영),,1,0,2,월(13:00~14:50)/수(13:00~14:50)/금(13:00~14:50),실기/실기/실기,/ /,김종아,26,26,0,20 (20),20,,한국어,설강
교양,사범대학,체육교육과,학사,1학년,E43.107,002,배드민턴초급,,1,0,2,월(11:00~12:50)/수(11:00~12:50)/금(11:00~12:50),실기/실기/실기,/ /,김정준,34,34,0,30 (30),30,,한국어,설강
교양,혁신공유학부,혁신공유학부,학사,1학년,E11.194,001,생활 속의 반도체,,3,3,0,월(09:00~11:50)/화(09:00~11:50)/수(09:00~11:50),이론/이론/이론,301-102(무선랜제공)/301-102(무선랜제공)/301-102(무선랜제공),김성덕,47,47,0,100 (100),100,®,한국어,설강
교직,사범대학,교육학과,학사,3학년,700.004,002,교육사회,,2,2,0,월(13:00~15:50)/수(13:00~15:50),이론/이론,10-1-103(무선랜제공)/10-1-103(무선랜제공),이규빈,21,21,0,40 (40),40,,한국어,설강
교양,사범대학,체육교육과,학사,1학년,E43.118,002,체력단련,,1,0,2,월(11:00~12:50)/수(11:00~12:50)/금(11:00~12:50),실기/실기/실기,/ /,박승일,8,8,0,30 (30),30,,한국어,설강
교양,자연과학대학,통계학과,학사,1학년,F32.102,001,통계학,,3,3,0,월(12:00~14:50)/수(12:00~14:50)/금(12:00~14:50),이론/이론/이론,25-109(무선랜제공)/25-109(무선랜제공)/25-109(무선랜제공),이선순,169,169,0,40 (40),41,"®통계학과, 자유전공학부 통계학 주전공 학생 수강 불가",한국어,설강
교양,인문대학,영어영문학과,학사,1학년,C10.140,001,영미 대중소설의 이해,,3,3,0,월(09:00~11:50)/수(09:00~11:50)/금(09:00~11:50),이론/이론/이론,1-103(무선랜제공)/1-103(무선랜제공)/1-103(무선랜제공),손현주,14,14,0,60 (60),60,,한국어,설강
교양,자연과학대학,통계학과,학사,1학년,F32.102L,001,통계학실험,,1,0,2,월(15:00~16:50)/수(15:00~16:50)/금(15:00~16:50),실습/실습/실습,25-204/25-204/25-204,이선순,154,154,0,40 (40),41,"®통계학과, 자유전공학부 통계학 주전공 학생 수강 불가",한국어,설강
교양,학부대학,,학사,1학년,F37.101,001,컴퓨팅 기초: 처음 만나는 컴퓨팅,,3,2,2,화(10:00~11:50)/화(13:00~14:50)/수(10:00~11:50)/수(13:00~14:50)/목(10:00~11:50)/목(13:00~14:50),이론/실습/이론/실습/이론/실습,26-104/26-104/26-104/26-104/26-104/26-104,변해선,49,49,0,30 (30),30,,한국어,설강
전선,혁신공유학부,혁신공유학부,학사,2학년,M3502.005700,001,(공유)재생에너지공학개론,,3,3,0,화(13:00~15:50)/수(13:00~15:50)/목(13:00~15:50),이론/이론/이론,38-418(무선랜제공)/38-418(무선랜제공)/38-418(무선랜제공),서영호,13,13,0,40 (40),30,,한국어,설강
